序号,标题
1,Python零基础之核心基础语法
2,Python循环操作
3,Python数组实战学生管理系统
4,python之array数组操作
5,python之实战登录和注册
6,python异常处理
7,python方法函数操作
8,Python面向对象
9,Python实现图书管理系统开发
10,javase基础语法
11,idea开发工具使用
12,java数组的使用
13,java方法定义
14,ideadebug工具使用
15,javase面向对象
16,java匿名内类使用
17,javaAPI和工具类
18,Java异常的定义
19,List集合框架
20,增强for循环和泛型
21,ArrayList集合源码解读
22,Linkelist集合
23,HashMap集合
24,JavaIO流文件操作
25,Java多线程快速入门
26,Java多线程如何通讯
27,Java多线程锁使用
28,Java反射机制原理
29,mysql开发基础语法
30,mysql开发高级语法
31,jdbc实战
32,jdbc封装数据连接池
33,网络编程socket
34,servlet与jsp
35,航班查询系统
36,Cookie与Session
37,axios(ajax)
38,Maven快速入门
39,Mybatis框架
40,Spring5框架详解
41,SpringMVC控制层框架
42,SSM(框架整合VUE实战项目)
43,SpringBoot快速开发框架
44,redis快速入门
45,redis环境淘汰算法
46,redis分布式锁原理
47,redis集群的原理
48,redis缓存穿透
49,Zookeeper原理
50,Zookeeper分布式锁
51,SpringCloud之服务治理
52,SpringCloud之本地负载均衡器
53,SpringCloudNacos集群原理
54,SpringCloud之微服务网关
55,SpringCloud之Ssentinel
56,RabbitMQ消息中间件
57,jwt快速入门
58,springsecurity权限框架之rbac权限模型
59,springsecurity整合oauth2
60,springsecurity整合jwt
61,jdk8的新特性知识
62,fiddler抓包工具的使用
63,python爬虫与网页解析
64,java实现爬虫
65,juc并发编程相关面试题
66,消息中间件常见面试题
67,MySQL索引面试题
68,mysql分表分库底层原理面试题视频教程
69,MySQL与redis一致性问题面试题视频教程
70,分布式事务问题面试题视频教程
71,生产环境遇到的常见问题面试题视频教程
72,高并发解决多个维度回答面试题视频教程
73,生产环境排查cpu飙高面试题视频教程
74,spring相关面试题视频教程
75,互联网安全相关问题如何回答
76,程序员面试简历指导课
77,HashMap原理之手写get和put方法
78,HashMap基于Lru实现缓存淘汰算法
79,HashMap7与8之间的区别
80,ConcurrentHashMap原理底层
81,List集合源码解读
82,Docker架构设计原理
83,Docker部署springboot项目
84,Docker-compose部署微服务项目
85,Nginx负载均衡和反向代理
86,Nginx实现静态资源服务器
87,Nginx减少带宽资源
88,利用宝塔部署真实项目
89,K8s实战环境搭建
90,Jenkins部署项目原理
91,利用宝塔部署真实项目
92,HTML专题
93,CSS专题
94,JS专题
95,jQuery专题
